{
    "name": "jasmine",
    "libraryName": "Jasmine",
    "sourceRepoURL": "https://www.github.com/DefinitelyTyped/DefinitelyTyped",
    "data": {
        "authors": "Boris Yankov <https://github.com/borisyankov/>, Theodore Brown <https://github.com/theodorejb>, David Pärsson <https://github.com/davidparsson/>",
        "dependencies": {},
        "pathMappings": {},
        "libraryMajorVersion": 2,
        "libraryMinorVersion": 5,
        "typeScriptVersion": "2.0",
        "libraryName": "Jasmine",
        "typingsPackageName": "jasmine",
        "projectName": "http://jasmine.github.io/",
        "sourceRepoURL": "https://www.github.com/DefinitelyTyped/DefinitelyTyped",
        "globals": [
            "afterAll",
            "afterEach",
            "beforeAll",
            "beforeEach",
            "describe",
            "expect",
            "fail",
            "fdescribe",
            "fit",
            "it",
            "jasmine",
            "pending",
            "runs",
            "spyOn",
            "waits",
            "waitsFor",
            "xdescribe",
            "xit"
        ],
        "declaredModules": [],
        "files": [
            "index.d.ts"
        ],
        "hasPackageJson": false,
        "contentHash": "cad789a6b33d33a815890a64f72e7011cc4e114cf44ff5c568c68b4a6a3c5d1e"
    },
    "isLatest": true
}